Word,Explanation
איצטבה, מדף
גדיד, קטיף תמרים
גזר, חלק/ חתיכה
גת, בור בו דורכים ענבים
ישימון, ציה/ שממה/ מדבר
מבודר, מפוזר
מליץ, מתורגמן/ ממליץ/ מסנגר/ מֵלִיץ יוֹשֶׁר = סנגור טוען לזכותו של מישהו
ספח, צירף/ חיבר/ הוסיף דבר אחד לדבר אחר
עילאי, עליון/ נעלה/ נאצל
תחינה, תפילת בקשה
אצטלה, גלימה
חיזר על הפתחים, הלך מבית לבית
כמרקחה, הומה
למכביר, בשפע
מדוה, כאב/ מחלה
מהמורה, בור/ שוחה
מסוכה (משוכה)," גדר ""חיה"" (מורכבת מצמחים)"
מפח נפש, אכזבה קשה/ יאוש
משאת נפש, אידיאל/ דבר שהאדם שואף אליו
נוגה, עצוב/ עגום
נקף, היכה/ הקיש/ דפק/ (נאמר על זמן) עבר/ חלף
סכך, כיסה בגופו על משהו
עלץ, שמח
פשה, התפשט/ התרחב
רדה, שלט ביד חזקה/ נהג כרודן ; הוציא דבש או לחם
שוחר, חובב/ ידיד/ רוצה בכל ליבו/ מבקש/ בעל עניין במשהו
נסך, יציקת נוזלים למטרה דתית
במזיד, מתוך כוונה רעה/ בזדון
גחמה, עיקשות
שרש, עקר צמח מן השורש/ חיסל לחלוטין/ עקר מן היסוד
הכביר, הרבה/ הגדיל
בא כוחו, הנציג שלו/ השליח שלו
בוסס, הלך לאט ובצעדים כבדים
חריט, ארנק
גנז, העביר מסמך או חומר כתוב אחר למשמרת בארכיון אצר/ הטמין/ הסתיר החליט שלא לממש רעיון או תוכנית
כבד, ניקה/ טאטא
רצד, פיזז/ רטט/ נע בתנועות מהירות
שביב, 1. ניצוץ/ קרן אור 2. משהו/ קורטוב
למפרע, בדיעבד
מכביר, מוסיף
אין, הפך משהו לאַיִן/ ביטל את קיומו (לְאַיֵן)
משעול, שביל/ דרך עפר צרה
מלעיל, מלמעלה
מפיח, מכוסה פיח
נגף, נחל תבוסה/ הוכה או נפגע
נוגש, דוחק ומזרז בכח/ רודה
בכר, נתן למישהו או למשהו יתרון או עמדה בכירה על פני אחרים/ גמל צעיר
סכל, טיפש
עוית, התכווצות בלתי רצונית של שרירי הגוף
עיר, חמור צעיר
ערום, ערמומי/ נוכל
צפחת, כד
קדחתני, דחוף
קטגור, פרקליט המסייע לתובע נגד הנאשם
גר, פחד/ ירא
שום, נתון/ מונח/ מוטל
דש בעקביו, זלזל בדבר
תעל, חפר והתקין רשת תעלות
איטר, שמאלי
בצע, חתך/ פרס (לחם)
דוי, כאב/ חולי
ההין, העז
החשה, השתתק
הסתאב, הזדהם/ התנוון/ הושחת.
התרצה, הסכים
חיגר, צולע/ פיסח
טיכס עצה, התייעץ
לוט, 1. עטוף/ מכוסה/ 2. חומר כתוב המצורף למכתב
כרך, עיר גדולה
להג, פטפוט
למצער, לפחות
למשעי, היטב/ באופן נקי
מותר, עודף/ שארית/ יתרון/ עדיפות
מכורה, מולדת
משובה, שובבות
סבכה, מחיצה או גדר עשויה בצורת רשת
סר, נרגז ועצוב
עול, 1. כלי רתימה לבקר/ 2. נטל/ מעמסה
עכבה, מניעה/ מעצור
עסיס, מיץ
ערטילאי, 1. ערום/ חשוף/ 2. מופשט/ לא מוחשי
פקד, היה בעמדת פיקוד/ מילא תפקיד של מפקד
קטום, שראשו נכרת ונקצץ
ניטש, התרחש
רחש, מחשבה/ הרהור (בעיקר כחלק מהביטוי רחש לב)/ רשרוש
שומה, הערכה/ אומדן/ בליטה על עור הגוף
תלאה, ייסורים
בצר, חיזק/ הפך מקום למבצר חיזק או ביסס טענה
גהר, התכופף
הסתגף, מנע מעצמו דברים
חיכה עד בוש, חיכה לשווא
נרגן, מתלונן
מלרע, מלמטה
מספוא, מזון לבהמות
סור, סבל בנמל
נלוז, מושחת
עמד בפרץ, הגן/ מנע תקלה או אסון
פוחז, חסר אחריות
קילס, בז/ גינה/ לעג/ גידף/ הילל/ שיבח מאוד/ פיאר ורומם
עצרת, אספת עם המונית
פלומה, שערות רכות
פתית, פרור
ציקן, קמצן
שנת, כל אחד מן הסימנים או קווי החלוקה המצוינים על כלי קיבול
קולמוס, עט
קלסתר, תווי פנים
רצה, פייס/ הפיג את רוגזו של מישהו
שתת, נזל
שם לאל, הכשיל/ סיכל
שעט, התקדם במהירות/ רץ
שרעף, מחשבה/ הרהור
תרוד, כף גדולה לבחישת תבשילים
ערב, המון/ קהל מעורב
צחור, לבן
קורנס, פטיש כבד
בליל, תערובת
בער, השמיד כליל/ חיסל באופן מוחלט  הרס לגמרי/ חסר השכלה
זבן, מוכר בחנות
לבו נקפו, התחרט
מסג, תערובת של מתכות
עגלון, מי שנוהג בעגלה רתומה לסוס או לחמור
בעטיו, בגללו/ באשמתו
גומחה, שקע בקיר
התירא, חש יראה/ פחד/ חשש
ויטלי, חיוני/ שופע חיים
זמורה, ענף של גפן
חבץ, ניער או הניע בחוזקה חלב או שמנת בכלי מיוחד כדי שיהפכו לחמאה
חרך, חריץ בקיר/ אשנב
כלאחר יד, דרך אגב/ בלי כוונה מיוחדת
נהי, מספד/ קינה/ בכי
נחשל, מפגר/ לא מתקדם
מרצע, מכשיר לניקוב חורים
משטמה, שנאה עזה
סורר ומורה, מרדן ועיקש
ערש דוי, כינוי למיטה שהחולה שוכב עליה
שח, כפוף/ שחוח
שצף, זרם חזק/ שטף.
אפסר, רסן/ רתמה
גלב, ספר
הלך, נווד
חפוי, מכוסה/ מצופה
טעם, נימוק/ סיבה/ הסבר
יפחה, קול התייפחות/ יבבה
כסיה, כפפה
לעז, 1. שפה זרה/ 2. דיבה/ שם רע
ממלח, (נאמר על אדם) ערמומי/ שנון/ פיקח/ מתוחכם
משיב נפש, מרענן/ מחיה
סחי, אשפה/ לכלוך
עמיר, צרור קטן של שיבולים
קונטרס, גיליון/ חוברת
רצען, סנדלר
טרוניה, תלונה
שסה, גירה בעל חיים ועורר אותו לתקוף מישהו  הסית ועורר למעשי אלימות
אגד, פלסטר צרור/ חבילה
בלהה, בהלה/ אימה ופחד
העיב, השליט אווירה קודרת
הרעיף, העניק דברים טובים בשפע/ המטיר  השפיע הזיל/ הגיר
וסל, משועבד
חדל אישים, לא יוצלח
נשל, גירש אדם מאדמתו
אנליטי, ביקורתי/ המפריד דבר לחלקיו.
מלגו, מבפנים
בטאון, עיתון או כתב-עת המבטא דעות של קבוצה מסוימת
ביתוק, דקירה/ פילוח/ שיסוע.
ביתר שאת, בעוצמה רבה יותר
בכפיפה אחת, ביחד/ בצוותא
בלב ולב, בחוסר כנות/ בצביעות
במפגיע, בתקיפות/ באסרטיביות.
בעל איברים, שמן
בעל תשובה, חוזר בתשובה
בקיע, סדק/ חריץ
ישב על המדוכה, דן באופן מעמיק/ השתתף בדיון יסודי
נושה, מלווה הדורש את החזרת חובו/ מי שחייבים לו כסף או רכוש
אנשי שלומנו, אנשים הקרובים לנו
אנתרופולוגיה, חקר התפתחות האדם
אסכולה, שיטה/ תורה
אסקופה, סף/ מפתן
אקלקטי, מלוקט/ מקובץ ממקורות שונים.
ארץ גזרה, ארץ רחוקה ונידחת (כעונש/ מהמילה גזרה)
אתוס, האופי/ הרוח/ והגישות האופייניים לעם מסוים  לתקופה מסוימת
בחצי פה, בהיסוס
בחרוק שיניים, התאפקות שלא לחשוף תחושות של רוגז  במאמץ רב
אמיר, צמרת
אמנה, ברית/ חוזה
אמתחת, סל/ שק גדול
אסופי, ילד שנאסף מן הרחוב.
אסיף, איסוף התבואה מן השדה
בחרות, ראשית תקופת הבגרות שבתום תקופת הנעורים.
אף, כעס
אפס, אבל/ אך/ אולם.
ארור, מקולל
אשכול, צרור
אשמאי, חוטא
אשר על כן, לכן
אשרור, אישור נוסף
אשרי, מילת קריאה המדגישה כמה טוב למישהו.
אורחו ורבעו, דרכו ומנהגו
אזוטרי, נסתר/ סודי/ ידוע למעט אנשים
אחז את השור בקרניו, ניגש ישר לעניין
אידיליה, שלווה/ הרמוניה/ פסטורליה.
אין בו מתום, מוכה ופצוע
בין הערבים, לפנות ערב
אין נקי, איש אינו פטור/ ללא יוצא מן הכלל
אינדוקציה, לימוד מהפרט אל הכלל
בית גנזים, ארכיון
אלפס, סיר בישול
אמרכל, מנהל
בכח, ברעיון/ בפוטנציה
בכיה לדורות, על הנזקים שייצור עתידים להצטער במשך דורות
אסל, מוט ששמים על הכתפיים לנשיאת שני דליים.
אספקלריה, נקודת השקפה/ מראה
באור, פירוש/ הסבר
באיבו, בתחילתו/ בצעירותו
בבואה, השתקפות
בביטול, בחוסר הערכה/ בהתעלמות מערכו של משהו.
מגל, מכשיר לקצירת תבואה ועשבים
בבת עין, כינוי לדבר חשוב ויקר לבעליו
מטרונה- מטרונית, אישה מכובדת
בגפו, לבדו
בד בבד, בו זמנית/ במקביל
בדאי, שקרן/ רמאי/ גוזמאי
בדיון, יצירה ספרותית מתארת מציאות בדויה
סגל, שינה והכשיר משהו או מישהו כך שיתאים לנסיבות חדשות  שבהן יהיה מסוגל לתפקד כהלכה
למחוק, למחוק
עבוט, ערבות/ משכון.
עזוז, עוז/ כוח/ גבורה
עקלתון, מעוקל/ מתפתל
פומית, פיה
בדחילו ורחימו, ביראה ובכבוד
אבסורדי, לא הגיוני/ לא נתפס
בכל פה, בתקיפות/ בהדגשה.
רך לבב, פחדן/ מוג לב
על אפו ועל חמתו, למרות שהוא כועס ומתנגד לדבר.
תנה, סיפר/ תיאר באוזני מישהו/ השמיע דברי אבל/ ספד
בזעת אפיו, בעבודה קשה
גבן, אדם שמייצר גבינות
דיוטה, קומה בבניין
הלם, 1. התאים/ 2. הכה/ חבט
היתמר, עלה/ התנשא
חמד (לו) לצון, התלוצץ
יצא חוצץ (נגד מישהו או משהו), יצא ערוך/ דרוך ומוכן יצא כנגד  מתייצב נגד/ מתמרד
לפנים משורת הדין, הקלה בעונש מתוך רחמים או התחשבות בזכויות מיוחדות
מגלה טפח, גילה משהו
ארוכה, שכבת הבשר הבריא העולה על הפצע כשהוא מבריא.
ניצב, ידית של מכשיר חד/ עמד/מתנוסס
סיח, בן סוס/ סוס צעיר
עבות, חבל עבה/ כבל/ סבוך ומסורבל
ארעי, שאינו קבוע/ זמני/ מקרי
צדד, תמך/ נטה לטובת אחד הצדדים המשתתפים בויכוח
צמית, עֶבֶד/ אדם המשועבד לעולם/ קבוע  עתיד להתקיים לצמיתות
אשוש, ביסוס
אשראי, הענקת סחורות או שירותים תמורת הבטחה לתשלום עבורם בעתיד.
רביד, ענק/ תכשיט לצוואר מטפחת לצוואר
אדמת שלחין, קרקע חקלאית בהשקיה מלאכותית.
אהבה אפלטונית, אהבה ללא צד פיסי/ אהבה רוחנית
שחר, 1. פשר/ מובן/ 2. דמדומי בוקר
אריס, אדם המקבל לרשותו קרקע לעיבוד לתקופה מסוימת תמורת אחוז מסוים מהיבול
ארכה, הארכת זמן
אשד, מפל מים
אגן, קערה גדולה/ שטח הנמוך מסביבתו
אדוה, גל קטן
אור יקרות, אור נעים
אזור, חגורה
איד, צרה/ אסון
אימום, תבנית בצורת כף רגל או גוף בעזרתה מייצרים נעליים או בגדים
אוטופיה, רעיון דמיוני שאינו ניתן להגשמה במציאות
אמות הסיפים, העמודים/ התומכים פתח או מבנה מצדדיו. ( סף ברבים)
אמפירי, נסיוני
אני ואפסי עוד, אין דומה לי
בלדר, שליח
בלה, נשחק מרוב שימוש
בלע, מרמה/ שחיתות.
במחי יד, בבת אחת/ בלי מאמץ/ בקלות ובמהירות.
במתק שפתיים, בדיבור מתחנחן
בן תשחורת, צעיר
בעור, סילוק/ השמדה
בעינים כלות, בקוצר רוח
בעל גוף, שמן
בערוב ימיה, בסוף ימיה
בפה מלא, בלי היסוס/ בלב שלם.
בר, חן/ בן/ ראוי/ פראי/ תבואה/ אופי
בר קימא, יציב/ מתקיים לאורך זמן.
בר סמכא, מומחה
סְפָר, גבול
קיטום, הסרת קצה המקור  (במטרה לצמצם את הנזקים העשויים  להופיע כתוצאה מקניבליזם וניקור נוצות בין העופות)
ארייה, קטיף תאנים
סייס, מטפל בסוסים
חרץ לשון, הוציא לשון
ברוד, מכוסה כתמים או נקודות/ מנומר
איבד את עשתונותיו, התבלבל/ נבוך
אבן שאין לה הופכין, דבר שאין בו צורך
אבן שפה, שולי המדרכה
אבק פורח, דבר נטול ערך
אברך, אדם צעיר/ תלמיד ישיבה
אברקיים, מכנסיים קצרים שמגיעים עד לברכיים
אגוז קשה לפיצוח, עקשן/ בעיה סבוכה שקשה לפתורה
אדרה, עצם של דג
אוטוסוגסטיה, שכנוע עצמי
אוטוקרט, שליט יחיד
אוטרקיה, אי תלות בגורמי חוץ
אוליגרכיה, שלטון מיעוט
אונגרד, חלוץ/ מתקדם וחדשני
אופורטוניזם, ניצול הזדמנויות/ התפשרות
אורגני, השייך לגוף החי/ הקשור לדבר קשר אמיץ
אורו עיניו, שמח
אורינטציה, התמצאות במרחב/ זיקה ל
אושפיזין, אורחים
אותיות של טל ומטר, אותיות קטנות מאוד
אחז את החבל (המקל) בשני קצותיו, ניסה להשיג שני דברים מנוגדים בו זמנית  ניסה להרוויח מכל הצדדים
אחיזת עיניים, רמאות/ מעשה להטוטים
אחרי המבול, ביטוי לאדישות לתוצאות ולעתיד
אחרית, סוף/ שארית
איכול, שריפה/ חלודה/ צריכה/שימוש במזון מסוים
איל (ail), כבש זכר
איל (ayal), כוח/ עוז
אין את נפשו, אינו רוצה
אין לו חלק ונחלה, אין לו קשר לדבר
אין נביא בעירו, אדם שאינו זוכה להערכה בסביבתו
אינרציה, התמדה/ שגרה
איסטניס, אנין/ מעודן/ יפה נפש.
איצטגנין, אסטרולוג
איקונין, תמונה
איש בשורה, מי שמביא ידיעות משמחות
איש חרמו, אויבו
אישון, העיגול השחור שבמרכז העין/ מרכז מטרה
איכון, מציאת מקומו המדויק של דבר כלשהו
אכסדרה, אולם כניסה
אל נכון, בלי ספק/ בוודאות
אלה, שבועה חמורה/ קללה
אליה, הזנב השמן של הכבש/ החלק התחתון והרך של האוזן
אלמותי, נצחי
אמבר, מקום אחסון לתבואה
אניץ, סיב של צמח/ חוט צמר
אנפוף, דיבור מהאף/ צורת דיבור שמטרתה ליצור חן בעיני בן הזוג
אנפליאות, נעלי בית
אסוך, כד לנוזלים/ כד לשמן
אסופה, קובץ חיבורים בנושא מסוים
אספסוף, המון
אפיזודה, מאורע בודד
אפס קצהו, רק חלק קטן ממנו
אפר, כר דשא
אפריורי, מראש
ארחי פרחי, נוודים/ קלי דעת ונטולי אחריות
ארעא, ארץ
עפרא דארעא, דבר חסר ערך
אשבול, קנה שסביבו גרגירים או תפרחת
אש וגופרית, דברי גנאי קשים
אשפרה," סיומת/ ""פיניש"""
אשקוקה, שחמט
בא בכף, נלכד
בא עליו במקלו ובתרמילו, התווכח בלהט
באותות ובמופתים, הוכחות חותכות
באפס יד, בקלות
בגרון נטוי, בהתנשאות
בד, שקר/ מסך/ ענף גדול ועבה של עץ
בדוחק, בקושי/ בצמצום
בדלנות, פרישה מן הכלל  מדיניות הדוגלת באי מעורבות בנושאים בינלאומיים
בדם ליבו, בשארית כוחותיו
בדמי ימיו, באמצע חייו
בהבל פיו, ללא כל מאמץ
בהמה גסה, פרות
בהמה דקה, כבשים/ עיזים
בהרת, נמשים
בוצית, סירת דיג קטנה
בוחן כליות ולב, כינוי לאל
בוקה ומבולקה, חורבן מלא
נָצַר אֶת לְשׁוֹנוֹ / פִּיו, השתתק
קְשֵׁה לֵב, חצוף/ חסר בושה/ גס רוח  חסר רחמים
בית קלפים, מבנה/טענה המתבססת על יסודות רעועים
בוקי סריקי, דברי הבל
דיר, 1. מבנה למגורי צאן או חזירים/ 2. מקום מטונף/ מזוהם
הָלַךְ עִמּוֹ בְּקֶרִי," פעל נגדו/ פעל באופן שיעצבן אותו/ ""עשה לו דווקא"""
השיב פנים, סירב
נוח לרצות, סולח מהר/ קל לרצותו
מִיכֵּן, התקין מכונות במקום מסוים לצורך ביצוע  עבודות שעד כה נעשו באופן ידני
בור, שדה לא מעובד/ חסר השכלה
סִיכָה, מריחה בשמן/ משיכה
לקוץ, 1. נגעל/ נבחל/ סלד/ 2. התעורר/ קם משנתו
לימד זכות, אמר דברים לטובתו/ דיבר בשבחו
בור סוד, כינוי לאדם בעל זיכרון מעולה
עָכוּר, עצוב/מדודכך/ לא תקין/משובש
עָמַד עַל דַּעְתוֹ, הפך לבר דעת/ התחיל להבין
בושש, איחר/ התמהמה בעשיית משהו
נוה מדבר, נווה מדבר הוא שטח בלב המדבר  שיש בו מקור מים (כגון מעין).  נופו של נווה המדבר בולט מאוד בסביבתו הצחיחה.  • (נוה זה שטח מרעה עשיר בצמחיה)
נוה, 1. מקום מרעה במדבר/ 2. מקום מגורים/ מעון/ 3. יפה/ נאה
קָתֶדְרָה, יחידה מדעית במוסד להשכלה גבוהה
לעוט, 1. התנפל ממעוף כדי לצוד את טרפו/ 2. התנפל כדי לתפוס משהו
תר, 1. טייל ללא מטרה מוגדרת/ שוטט/ 2. חיפש
מזור, 1. מחלה/ כאב/ 2. רפואה
בזיקה, פיזור/ נצנוץ
הצטדק, הסביר התנהגותו בדיעבד/ תירץ/ ביקש להצדיק עצמו
ממורק, מְנֻקֶּה/ מֻבְרָק
אַרְכּוֹף, טבעת לרגלו של הרוכב/ סד עינויים קדום
בְּשָׂפָה רָפָה, אמר את שאמר בחוסר רצון ומתוך הכרח
עמד במריו, לא נכנע/ לא ויתר/ המשיך להתקומם
הֶאֱבִיס, האכיל בעלי חיים
מיליציה, צבא עממי/ צבא אזרחים
הֶדוֹנִיזְם, נהנתנות/ רדיפת תענוגות
בחל, חש בחילה וגועל/ מאס
בזיך, ספל/ כוס
עביט, 1. כלי לנוזלים/ סיר/ 2. סיר לילה
הִידֵס, הלך בצורה לא יציבה כשהוא נוטה מצד לצד
בטישה, רקיעה ברגליים
אסותא, 1. רפואה/ מרפא/ 2. לבריאות! איחול למי שמתעטש
אונקיה, יחידת משקל קטנה (28~ גרם)  [בהשאלה] מַשהו/ טיפה/ קוּרטוֹב  שמץ/ קַמצוץ/ קורֶט
ליטרה, יחידת משקל (כ-450~ גרם)
לא כל שכן, קל וחומר/ על אחת כמה וכמה
מגיה, 1. מי שתפקידו לבצע הגהה (חיריק ב-ג׳)  2. קסם/ כישוף (שווא ב-ג׳)  3. הפיץ אור/ האיר/ זרח (חיריק ב-ג׳)
חֵלֶב, שומן המצוי בגופם של בעלי חיים
השיב מלחמה שערה, השיב מלחמה באופן שאינו נופל  או אף עולה בעוצמתו על מלחמת האויב
אללי, מילה להבעת כאב/ סבל/ צער וכד׳  מקביל ל- אבוי/ אוי
דוגית, סירת דייגים
טְפָחוֹת, הקורות העליונות של מבנה
כָּאוֹטי, במצב של אי סדר
נעור, התעורר/ קם משנתו
מופז, מצופה זהב/ קיבל גוון זהב/ נוצץ כמו זהב
בטל, עצלן/ חסר ערך
לָטֶנְטי, חבוי/ כמוס/ רדום
מַבּוּעַ, מעיין/ מקור/ יסוד
זכרון דברים, תחליף ראשוני לחוזה מסודר  מטרתו לסכם משא ומתן ראשוני
דומם, בשקט
מצילה, 1. פעמון קטן/ 2. היחיד של מצילתיים -  כלי הקשה ממתכת דמוי צלחת שמקישים  עליו באמצעות מצילה אחרת או במקל
בטן רכה, נקודת התורפה
משוא פנים, העדפה לא הוגנת/ אפלייה
ימה, מערבה/ לכיוון הים  • (ה-ה׳ בסוף מראה כיוון - שאולה/ נגבה)
מַרְבֵּק, מקום בו מפטמים בעלי חיים
דרדק, 1. ילד קטןכינוי לתלמיד בשכבות הנמוכות בבית הספר.  2. כינוי לאדם שאינו מבין בהלכה.  3. בהשאלה: לא מנוסה/ חובבן.
בינארי, מורכב משתי אפשרויות בלבד
סַדָן, הקטע הבולט מן הקרקע של העץ לאחר שנכרת/ גדם/ גדע
עָרַג, זעק/ התחנן
אוצר, שומר על משהו יקר ערך
הבליג, ריסן את עצמו/התאפק/ נמנע מלבטא רגע כלשהו
נֶגֶף, מחלה קשה המפילה רבים
צִיקְלוֹן, סופה/ ילקוט
גְּמִילָה, הבשלת הפרי
הִשְׁכִּין, נתן מקום מגורים/ יישב/ אכלס
צָפִיר, תיש
חַבּוּט, מוכה
הִתְחַסֵּד, נהג ברחמנות
יֵשׁ בְּלִבּוֹ עָלָיו, לא סלח
לִבֵּן, חימם מתכת באש חזקה/ בירר את העניין לעומקו
מִכְמָן, מטמון/ אוצר
נָמוֹג, מפוחד מאוד/ מבוהל
ביצור, חיזוק/ מבצר/מצודה
עָלוּם, מוסתר/חסוי/ לא מובן
פָּרַע, הרס/ בזז
תַּגְּרָן, כינוי למי שמרבה להתווכח על המחיר/ סוחר
הֵקִיץ הַקֵץ, הגיע הסוף למשהו/ תם
חַתְרָנוּת, לחתור תחת מישהו/ פעילות שמטרתה  לערער מבפנים את הסדר הקיים
שִׁבֹּלֶת, גבעול התבואה עצמו/ מערבולת
שָׂפַת, שם כלי לחימום על האש
שָׁפָל, נמוך/קטן/ נבזה/מנוול
דיוֹתָה, כלי קיבול לדיו
בירנית, מבצר/מצודה
מַקְרֵן, רדיאטור
בישוף, מראשי הכמרים בכנסייה
סָפוּן, צפון/ נסתר
הֵזֵם, הוכיח כי דבריו של אחר אינם נכונים
ביכורים, ראשית התבואה
קֵהֶה, עמום/מעורפל/ שאינו בשל/בוסר
חִילָּה אֶת פָּנָיו, התחנן
תָּמַהּ, הטיל ספק/ התחבט לגבי נכונותו של הדבר
בלא חמדה, בלי חשק
מַגְלֵב, שוט
מוּשְׂכָּל רִאשׁוֹן, הנחת יסוד שאינה ניתנת להוכחה  אולם מתייחסים אליה כאילו היא נכונה ולא ניתנת לערעור
בלבוס, תפוח אדמה
הוֹלֵך עַל קֶרַח דַּק, נמצא במצב קשה ומסוכן תחת  נסיבות שאינן לחלוטין בשליטתו
בלדה, שיר עצוב
חֲדַל פֵּרָעוֹן, מי שלא מסוגל לשלם את חובו
מַשְכּוּכִית, כינוי לאייל המושך את העדר אחריו
בלי מצרים, ללא גבולות
נִצְרָך, אדם עני שזקוק לעזרה
כּוֹתֶרֶת, העלים הצבעוניים של הפרח
תלוי על בלימה, חסר בסיס
מִיטַת סְדוֹם, מקום או מצב שאין בו חופש פעולה
עוֹקֵר הָרִים, בעל שכל חריף
מַשְׂכִּית, קישוט/תכשיט/ ציור/תמונה
עַפְרָה, סלע המכיל מתכת/ מחצב
קִבּוֹרֶת, שריר הזרוע
קִיתוֹן, כד/ כלי לנוזלים
שָׁדוּף, ריק/ חסר תוכן
קוֹרֶקְטִי, נאות/ ענייני
אִילוּחַ, זיהום/ מוגלה
בליסטרה, מרגמה
דֶּחִי, כישלון/ מעידה
הִגִיר, שפך/ הזיל
הוֹקִיעַ, המית מישהו בפומבי בצליבה או בתלייה
בליץ, התקפה פתאומית
הִשְלִיך אַחֲרֵי גֵּווֹ, התנער ממנו והתכחש לקשר אליו  הפנה לו עורף (גֵּווֹ=גופו)
הִכָּה שׁוֹרֵש, נעשה נפוץ ורווח
בלן, עובד במקווה
יוֹקֵב, בעל יקב
מָט, זז במקום בחוסר יציבות/ מטושטש/עמום
מְעוּשֶׂה, לא אמיתי/ מזויף
כָּפַן, רעב
נִמְלַךְ בּוֹ, התייעץ איתו
במצח נחושה, בעקשנות/ בחוצפה
סָר, פקד/ בא לבקר
סִרְהֵב, הפציר/ביקש/ לא הסכים
מְהֻקְצָע, מסוגנן/ אלגנטי
מִזְקָקָה, מקום לזיקוק ולהכנת משקאות חריפים
בן אבות, מיוחס
מִסּוּך, שיבוש והחלשת שדות חשמליים
בן בלי שם, בעל מעמד נחות/ אלמוני/ רשע
מַק, ריקבון
בָּלוּם, מלא עד הסוף/ עשיר/ עמוס ב
מִשְׂגָּב, מקום גבוה שמשמש כמחסה/ מצודה
הִכָּה גַּלִּים, הביא לשינוי משמעותי בחשיבה המקובלת
בן נעות המרדות, חצוף ומרדן
זָב, מטפטף/ נוזל
נָהָה, רצה מאוד/ השתוקק
בנוי לתלפיות, בנוי היטב
מַאְפֵּלְיָה, מקום משכנו של הרשע/ אפלה
נֵצֶר, ענף רך/ צאצא
בסך, ביחד
מַחְבֵּצָה, כלי מיוחד ששימש להכנת מוצרי חלב כמו גבינה או חמאה
נִשְפֶּה, חלק ותלול
מָסַךְ, מזג/ ערבב משקה במשקה
בעדנא דרחתא, בשעת כעס
בעיני רוחו, בדמיונו
מִשְׁוֶרֶת, טבעת לרגל בצד האוכף
פיד, אסון/ צרה
נְחִירָה, המתת בעלי חיים על ידי דקירה
צְדִיָּה, כוונה רעה/ זדון
נָצַר, שמר/ הגן
קולן, מכשיר המשמש לכיוון כלי נגינה
סַד, כלי עינויים קדום
עֲזוּבָה, מצב של הרס והזנחה
קַנְטְרָן, סכסכן/ שדרכו לקנטר ולהרגיז
בעל בעמיו, אדם תקיף ונכבד
קַרְפִּיף, שטח מגודר
בעליל, ללא ספק
קַפַּנְדְּרִיָּה, דרך קיצור
רָהוּי, הססני/ חסר ביטחון.
רָגַן, התלונן
בעלמא, סתם
רינן, שר/ ריכל
רָקַח, המציא (סיפור לא אמיתי)/ הכין תכנית (בהקשר שלילי)
שִׁגָיוֹן, מחשבה שאינה מרפה
שִׁהוּי, עיכוב/ איחור
שָׁזַף, ראה/הביט/ שרף/צרב
שִׁיפּוּי, השחזה
שְׁתַדְלָן, מי שמנסה לשכנע אנשים לעשות דבר מה
תַּאֲנִיָּה וַאֲנִיָּה, בכי מר על אסון
תִּחוּחַ, פירור אדמה על-ידי עידור.
אֶבֶן הָרֹאשָׁה, האבן שבמרכז הקשת/ מרכזי/חיוני
אַפִּרְיוֹן, כינוי לבית הקדש/ חופה עשויה אריג
אָצַר, העלים/ החביא / הסתיר
אֹרַח, אופן התנהגות/ דרך חיים
גֹּב, בור/ מאורה
דוֹמֶן, זבל אורגני
הִתְרִיס, מחה/ התנגד
חִדָלוֹן, חורבן/ הרס
חֲפָתִים, כינוי לקפל בשרוול/ החלק החיצוני בשרוול
טֶלֶף, פרסה
מְדוּכָה, גליל המשמש לשיגור מטעני נפץ  קערה המשמשת לכתישה בעזרת עלי (מוט בצורת גליל)
מַחַט, עלה צר/ קינח את האף
מִקַּדְמַת דְּנָא, מאז ומתמיד
מִשְׁבָּר, גל
נִדְרַשׁ, עסק בעניין מסוים
נְהָרָה, אור/ זוהר
סָנַט, לעג/ הקניט/ התגרה
פָּרִיץ, חסר מוסר/ בעל אחוזה
צַלְיָן, עולה לרגל
קְבָס / קֶבֶס, בחילה/ גועל
קִיפֵּחַ, שכל/איבד/ הפלה לרעה/ גבוה מאוד
קְנוֹקֶנֶת, איבר בצמח הדומה לחוט אשר נכרך  סביב עצמים ומאפשר לצמח לטפס
שָׁעָה, התייחס/ שם לב
תַּבְלִיט, צורת פני האדמה
תּוֹחֶלֶת, תקווה/סיכוי/ ממוצע משוקלל של מספר תוצאות
תִּינָּה, התאבל/ עשה/ סיפר
אוֹטוֹרִיטָה, סמכות הנובעת מידע בתחום מסוים
הֶאֱפִיל, עלה עליו ביכולתו
הִסְתּוֹפֵף, שהה באופן ממושך במקום מסוים או בחברת אנשים מסוימים
הֶעֱרָה, גילה/חשף/ שתה/לגם
הִצְמִית, השמיד
הִרְעִים, הרגיז
התקין, הכין/סידר/יצר/ קבע תקנה
כָּפַר, לא הסכים עם דבר מקובל  לא הודה באשמות המיוחסות לו
לָחַך, נגע קלות/ שרף לחלוטין
לִפְנַי וְלִפְנִים, באופן יסודי ומעמיק
מְלוּבָּן, מובהר/ מוסבר/ מפורש
מַעֲקָשׁ, מכשול/סיבוך/ מפותל
נָאוֹת, מתאים/ ראוי/ הולם
נִכְמַר לִבּוֹ, ריחם
נִקְרָה, נקיק/ סדק רחב בסלע או בהר
סָפַק אֶת כָּפָּיו, מחא כף מתוך צער או אכזבה
עֵרָה, מזג/ הרס/ חשף
פֹּארָה, ענף
פֶּלֶך, אזור/מחוז/ כישור (מוט המשמש לטווית חוטים)
צוֹעֵר, עוזר/ סגן
צִיַה, מדבר/ שממון
צָנוּף, כרוך סביב הראש/ מגולגל/מכורבל
צַר, חבל/ מצער
קְדֵרָה, כלי לבישול
שְׁרִירוּת, אופן התנהגותו של מי שפועל  לפי גחמותיו גם אם הן פוגעות באחרים
שְׁרִירוּת לֵב, עקשנות
שָׂרָף, כינוי לנחש ארסי
אוֹמְנִיפּוֹטֶנְטִי, כל יכול
אֵיפָה, מידת נפח עתיקה
אָשְׁיוֹת, מסד/ בסיס/ יסוד
אֶשְׁכָּר, מתנה/ שי
חֲגָוִים, נקיקים/ סדקים
חוֹסֶה, מי שנמצא במוסד טיפולי (בשל נכות/ זקנה וכו')
חָרוּל, קוץ
חִשּׁוּל, עיצוב תכונות המתכת על ידי ליבונה
כִּיּוּר, עיצוב צורות מחומר רך כלשהו (פלסטלינה)  חריטה על הקיר לשם נוי
מַהֲדִיר, מי שמוציא ספר ישן במהדורה חדשה  מי שעורך ספר לדפוס
מִזְכָּר, מכתב קצר ולא רשמי בנוגע לעניין מסוים
מִלְטָשָׁה, בית מלאכה לליטוש אבני חן וכו'
מִסְדָּר, התאחדות של אנשים על יסוד רקע משותף
נָגַשׂ, דיכא/ דרש שהנושה (האדם שחייב כסף) יחזיר את חובו
נוֹפֶך, אחת מאבני החושן  תוספת קלה ועדינה למשמעות  או למראה של דבר מה/ניואנס
סִדּוּר, ספר המכיל את התפילות
סוּרֵיאָלִיסְטִי, לא מציאותי
סָמוּך עַל שוּלְחָנוֹ, נהנה מחסדיו/ נתמך על ידו
עָמִיל, סוכן
פָּרַף, סגר באמצעות כפתורים או רוכסן
צָלַח, חצה תעלת מים או נהר
רִפְרֵף, ריחף/ גלש
שְׁכִיב מְרַע, חולה אנוש/ גוסס
שִׁפּוּל, תחתית/ החלק הנמוך
תִּמּוּכִין, מקור מוסמך כתוב/אסמכתא/ חיפוי/גיבוי
אבדו חושיו, התעלף
אבנים שחקו מים, ההתמדה משתלמת
אבן ריחיים, דבר מעיק
בצר לו, בשעת מצוקה
בצרון, מקום בטוח
בר לבב, ישר/ הגון
ברדס, כובע המחובר לבגד
ברומטר, מד לחץ
ברחל בתך הקטנה, במפורש
בריה, יצור/ בעל חיים
ברך על המוגמר, סיים בהצלחה את אשר התחיל
ברכה לבטלה, עבודה לחינם
בורסקאות, עיבוד עורות
ברקאי, אור השחר
ברקן, צמח קוצני
בשוך המרקחה, כשנרגעה ההמולה
בשרו נעשה חידודים חידודים, התרגז
בת צחוק, חיוך
גבו אל הקיר, דימוי למצב ללא מוצא
גיבח, שאינו שעיר/ קירח
גבינים עבותים, גבות שעירות
גבלולי, מחוספס
גדידה, איסוף תמרים/ חיתוך/כריתה
גהה, רפואה
גהות, הגיינה
גומא, סוג של צמחים הגדלים על שפת הנחל
גונן, שמר/ הגן
גזר עליו כליה, חרץ גורלו למוות
גחלת, אוד/ שריד יקר
גילדה, אגודה של בעלי מקצוע
גילה את קלפיו, חשף את כוונותיו
גילה טפח וכיסה טפחיים, הסתיר יותר ממה שחשף
גילוי דעת, הצהרה פומבית
גירסא דינקותא, מה שאדם למד בילדותו
גלוסקמה, ארון-מתים עתיק.
גלוון, ציפוי מתכת באבץ כדי למנוע בלייתה
גלופה, תבנית להדפסה
גלל, קיפל וכרך משהו לצורה של כדור או גליל  דחף דבר בעל צורת כדור או גליל
גלע, חשף/ גילה
גמא ארץ, התקדם במהירות
געייה, השמעת קול נהימה
גפיר, שומר
גפת, פסולת הזיתים/ פסולת חלות הדבש
גריסה, סברה/ יצירת גריסים/ לעיסה
גרם (gerem), עצם
דביר, אולם פנימי
דבלול, קצה חוט היוצא מאריג
דבר אל העצים ואל האבנים, כמו לדבר אל הקיר  אין עונה
דבר דבור על אופניו, דבר מאורגן כהלכה
דברי כיבושין, דברי תוכחה ומוסר  שנאמרים כדי לגרום לאדם לשנות את דרכו הרעה
דברי קילוסין, מחמאות
דבש וחלב תחת לשונו, משמיע דברים נעימים
דה יורה, לפי החוק המשפטי
דה פקטו, בפועל/ בדיעבד
דוגמה, הנחה מוסכמת בלתי ניתנת לערעור
דוד, אהוב
דוה, התמלא צער
דוהן, שמן/ משחה
דוחן, מספר סוגי תבואה
דוכי, קול התנפצותם של הגלים
יורד דומה, נפטר
דטרמיניזם, אמונה שהכל נקבע מראש ללא אפשרות שינוי.
דחק את הקץ, לחץ להקדים את הסוף מתוך חוסר סבלנות.
דחק את השעה, עשה משהו לפני זמנו/ נהג בפזיזות
דיבידנד, חלק מסוים מן הרווחים/ המתחלקים בין בעלי החברה.
דיבר בו נכבדות, הציע לו שידוך/ הילל אותו
דיבר סרה, הכפיש/ השמיץ
דיבר על ליבו, שכנע/ ניחם
(ענייני) דיומא, ענייני היום יום
דילטנט, חובבן/ לא מקצועי
דין, בירור תביעות/ חוק
יקוב הדין את ההר, אין לוותר ולרחם בדין
דינמיקה, תנועה
דיסצפלינה, תחום מחקר/ משמעת
דיפון, חיזוק דפנות של בור.
דיק, מגן צבאי קדום/ ביצור/ סוללה
דירת שרד, מעון ממשלתי
דיש, הוצאת הגרגרים מהשיבולים/ התבואה שנדושה
דך, מדוכא
דך רוח, מוכה יגון
דל, יש בו מעט/ עני
דלעיל, הפנייה לאזכור קודם
דמדום, טשטוש
דמו סמוק יותר, דימוי למי שמופלה לטובה
דמוגרפיה, חקר הרכב האוכלוסיה והשתנותה.
דמי לא יחרץ, שוחד
דעתו ארוכה, מיושב בדעתו/ שוקל כל דבר במתינות
דעתו גסה עליו, מתרברב
דעתו נוחה מן, הוא מרוצה מדבר מסוים
דקדנס, ירידה
דרדסים, סנדלים/ נעלי בית/ נעלי גומי לגשם
דרכו סוגה בשושנים, מצליח בקלות
דרשה, הרצאה בנושא דתי/ באור פסוק
דשדוש, דריכה במקום
הא בהא תליא, הדברים תלויים זה בזה
האח, מילת קריאה שמשמעותה- הידד
הבאיש ריחו, להמאיס ולהשניא מישהו על אחרים
הבכיר, הבשיל מוקדם/ ללדת בכור
הבלי העולם, מותרות
הברכה, להוריד על הברכיים
הגיע לגבורות, הגיע לזקנה מופלגת
הגיע לפרקו, התבגר
הדחה, הולכה לדרך רעה/ פיטורין
הדיר (hadir), שניתן לחזור עליו
הדרת פנים, מראה מעורר כבוד
ההדרה, עריכה מחדש של טקסט לשם  הוצאתו לאור במהדורה חדשה
ההר הוליד עכבר, מתאר מצב של גודל הציפייה כגודל האכזבה
הועיד, הקצה משהו למישהו  קבע כי מישהו ימלא את תפקידו  הועיד משהו לדבר מסוים
הוציא את הערמונים מהאש, ביצע מלאכה לא נעימה עבור אחרים
הטלת מרות, הפעלת סמכות על אחר
טמן ידו בצלחת, התבטל
היא הנותנת, אדרבה
היה את נפשו, רצה/ התכוון
היהפוך כושי עורו ונמר חברבורותיו?, אין אדם יכול לשנות את טיבו
היזה, התיז נוזל
היטיב את ליבו, סעד בשמחה
הכצעקתה, האמנם הדבר כה חמור
הלבין פנים, העליב
הלך לאורו, הלך בדרכיו/ היה נאמן לו
הלך לקנוסה, נכנע וביקש מחילה
המתיק סוד, התייעץ
הנפשה, אנימציה/ יחוס תכונות של בעלי חיים לדומם
העיז, הוביל למקום מחסה
העתרה, נתינה בשפע
הפצעה, הגחה/ בצבוץ
זכה מן ההפקר, זכה בדבר מבלי שטרח בעמלו
הפקרות, חוסר אחריות
הצטעפות, התכסות בצעיף או מעטה אחר
הציץ ונפגע, הסתקרן
הקיז את דמו, התעלל בו
הקפה, הליכה סביב חפץ/ קניה על החשבון
הראה לו את נחת זרועו, הִכה אותו מכות נמרצות
הרים מעפר, העלה מישהו משפל המדרגה
הרעמה, השמעת קול רועם
השאה, שכנוע/ פיתוי
השברה, מכירה
השחית דרכיו, יצא לתרבות רעה
השכם והערב, לעיתים קרובות
התאבכות, התרוממות
התגפפות, התכרבלות
התדפק על שולחנו, ניסה להיכנס למקום מסוים
התוודעות, היכרות ראשונית
התזה, כריתה/ הזלפה
התחקה, חקר אודות משהו
התישבה דעתו, נרגע/ שקול/מתון
התעבות, נעשה עבה/ נעשה נמוך יותר(צליל)  תהליך שבו חומר משנה את מצב הצבירה שלו מגז לנוזל
התפקרות, הפסקת האמונה בדת
ואידך זיל גמור, זה העיקר- את השאר תבין בעצמך
וגר זאב עם כבש, הטורף וטרפו חיים בשלווה
ויה דולורוזה, דרך ייסורים
זה מקרוב בא, הגיע לא מזמן
זורר, התעטש/ פיזר
זחיח, נע ונד/ נייד
זיג, מעיל/ זקט
זכות אבות, יחס מיוחד שאדם זוכה לו בגלל הוריו או בשל מוצאו.
זמרה, מבחר הפרי והיבול
זקף, ישר/ העמיד באופן יציב
זקיף, חייל או שוטר העומד על המשמר
זקף את קומתו, גרם למי שהרגיש מושפל לחוש גאווה  ייחס מעשה או גאווה למישהו
זרא, גועל/ בחילה
זרבובית, פיה/ אף של חיה
חאן, אכסניה
חבר, הצטרף לאחרים/ התרועע עם אחר
חגר שק, התאבל
חוטבי עצים ושואבי מים, כינוי לבני המעמד הנמוך
חוג, היקף
חוטר, ענף עיקרי היוצא מגזע עץ/ מקל/ צאצא
חוכא ואיטולילא, דבר מגוחך שכולם לועגים לו
חוכך, בעל ספקות
חומץ בן יין, רשע בן צדיק
חומר, אדמה דביקה ובלתי חדירה למים/ דבר גשמי
חומרה, קושי/ הגבלה
חונטה, כת של אנשי צבא שהגיעו לשלטון לאחר הפיכה צבאית
חוצן, שולי הבגד
חוק, שלב בסולם
חורמה, השמדה
חזון נפרץ, תופעה שכיחה
עוד חזון למועד, עדיין לא הגיעה השעה לכך
חזקה, זכות קניין
חזקה עליו ש, אין ספק לגביו ש
חח, טבעת ברזל ששימשה לתפיסה אשר הושמה על בהמות
חילוט, עיקול או הפקעה של רכוש
חילוי, בקשת רחמים או סליחה
חירוף, השמעת דברי בוז
חישור, מוט ברזל המחבר בין חישוק הגלגל למרכזו  אחת מעצמות כף היד
חישן, חששן
חכלילי, אדמדם/ סמוק
חלד, עולם/יקום/ החיים החולפים
חליטה, יציקת מים רותחים על משהו
חליצה, הסרה/ טקסט דתי שבו אלמנה חסרת ילדים שולפת את  נעלו של אחי בעלה מרגלו על  מנת לפטור אותו מחובתו להינשא לה
חלכאי, עלוב/ דל
חמדה, רצון עז/ דבר יקר ונחשק
חמת, שק מעור המיועד לנוזלים
חנוט, שלא התפתח/ גוויה שנעטפה וטופלה בחומרים משמרים
חסיד שוטה, נאמן וקנאי לרעיון או למנהיג עד כדי אובדן חשיבה עצמאית
חסיון, הגנה משפטית המאפשרת שמירת סודיות
חרב, שהפך לחורבות/ יבש
חרום, פחוס/ שקוע
חרצובות, קשרים או מעצורים שקשה להתירם ולהתגבר עליהם  כבלים/ שלשלאות/ עבותות
חרש, בעל מלאכה
חרש, בסתר ובשקט
חשיקה, רצון עז/ הידוק חזק זה לזה
חתה, העביר ממקום למקום
חתול בשק, משהו שטיבו אינו ברור
טבין ותקילין, סכום נכבד ששולם עבור סחורה כלשהי
טובל ושרץ בידו, חוזר בתשובה אך לא בלב שלם
טוגה, גלימה רחבה בלי שרוולים
טוטפות, תפילין
טול קורה מבין עיניך, בדוק את עצמך לפני שתבקר אחרים
טח, כוסה/ נסתם
טין, בוץ
טיכוס, סידור/ קביעה
טמיון, אוצר המדינה/ אבדון/הרס
טמיר, נסתר
טעמו ונימוקו עמו, יש לו הסבר משלו  יש לו סיבה שאינו מעוניין לגלותה
טפח, מידת אורך קדומה/ קצת/מעט
טפל, הדביק/ מרח
טפל עליו שקר, העליל עליו עלילות שווא
טפסר, פקיד/ תואר כבוד לאדם נכבד או מנהיג
טופר, ציפורן ארוכה
טריבונל, בית דין/ חבר שופטים
טריז, יתד
יבום, נישואים לאשת האח המת
יגיע, עמל/ מאמץ
יגיע כפיים, עבודה קשה ומאומצת
יד רוחצת יד, עשיית טובה למישהו כדי לקבל ממנו טובה
ידעוני, מגלה עתידות
יוקד, בוער
יורה, דוד/ סיר גדול
יחור, ענף רך
יחפן, טיפוס ריקני
יין נסך, יין של גויים שאסור ליהודים לשתות אותו
יין נתזים, יין תוסס
יין שרף, משקה חריף ומשכר
יען, מפני ש
יערה, חלת דבש
יפה נפש, רגיש לסבל הזולת/ עדין/ רגיש
יפעה, יופי
יצא וידיו על ראשו, נכנע/ ויתר
יצא ידי חובה, מילא את המוטל עליו בלי רצון
יציא כפיו, פרי עמלו
יצק מים על ידיו, התחנך אצלו
יראת שמים, שמירת המצוות באדיקות
ירכה, החלק האחרוי של אזור כלשהו
יש לאל ידו, יכול/ מסוגל
ישוב הדעת, מחשבה שקולה
כאין וכאפס, חסר כל חשיבות
כבידה, משיכה הדדית בין כל שני גופים בטבע
כדבעי, כמו שצריך
כהאי לישנא, בזו הלשון
כהה, נחלש
כהנה וכהנה, עוד ועוד
ללא כחל וסרק, כפי שהוא/ ללא ייפוי
כחש, צנימות/ שקר
כיבן, כרך/רכס/ עטף
כבנה, מטפחת לראש/ סיכת ראש
כל דאלים גבר, האלים יותר זוכה
כל עוד נפשו (רוחו) בו, בכוחותיו האחרונים
כל צרכו, במידה מספקת
כלה ונחרצה (היא מעמו), החלטה סופית שאין לשנותה
כלה, בטל/ חולף/ משתוקק
כלום, היש אמת בדבר?
כמי שכפאו שד, ביצע משהו בניגוד לרצונו
כמעין המתגבר, בלתי נדלה
כסת, שמיכת פוך
כעני בפתח, משל למי שעומד כמסכן ונזקק
כפה עליו הר כגיגית, הכריח אותו
כפתור ופרח, נפלא/ נהדר
כקצף על פני המים, חולף מהר.
כר נרחב, שטח גדול/ שטח פעולה נרחב  אפשרות לפעול
כרוז (kruz), הודעה שמפרסמים בציבור
כרוז (karoz), אדם שתפקידו להכריז הודעות בציבור
כריתות, גירושין
כרכוב, מסגרת בולטת מסביב לבניין
כשמן בעצמותיו, הדבר גורם לו עונג.
כתישה, טחינה ושחיקה לפירורים קטנים  הנחתת מהלומות על האויב במטרה לשבור את רוחו
לא לעולם חוסן, עושר וגדולה אינם קיימים לעד
לא תחסום שור בדישו, גישה סלחנית למעשי מעילה שוליים.
לאט (laat), דיבר לאט ובשקט/ הסתיר
לבד (leved), בד העשוי מצמר שהודק בלחץ רב
לגין, כלי קיבול לנוזלים/ קופסה
להלכה, באופן תיאורטי
לוז (luz), העיקר והמהות בדבר
לזות, עיקשות
לזות שפתיים, דברי שקר ורכילות
לחלוחית, רטוב מעט/ חיוניות/רעננות
לחם חסד, דבר שניתן בנדבה או במתנה.
לחם חוקו, דבר חיוני וקבוע/ אורך חיים
ליחוך פנכה, השמעת דברי חנופה
ליטרת הבשר, דבר שאדם זכאי לו/ והוא דורש אותו  למרות שהדבר כרוך בסבלו של אחר.
לית מאן דפליג, כולם מסכימים
לעיטה, זלילה/ הכנסת אוכל בכוח לפה בהמה
לענה, צמח שעליו מרים
לפתח חטאת רובץ, יש להיזהר/ שכן החטא אורב  ומחכה להזדמנות להשפיע לרעה.
לשד, מיץ/נוזל/ תמצית החיים
לשון המאזניים, הגורם המכריע
לשון נקיה, ניסוח מעודן של מילים או ביטויים גסים
לשון סגי נהור, שימוש בלשון במשמעות הפוכה/ באירוניה
לשון צחה, הגייה ברורה
לשם שמים, לא לתועלת אישית.
מאור, מקור אור/ כינוי לגורמי השמיים מפיצי האור
מאי נפקא מינה, מה ההבדל? מה זה משנה?
מאיר עיניים, בולט לעין/ מרחיב אופקים
מארג, מעשה אריגה/ מערכת דברים הקשורים זה בזה
מבואה, אולם כניסה במבנה ציבורי/ לובי
מגדלים פורחים באוויר, דבר שאין לו אחיזה במציאות
מגדנות, דברי מתיקה/ דברים הניתנים במתנה
מגופה, פהה/מסתם
מדאורייתא, מצווה או דין הכתובים מפורשות בתורה
מדובלל, פרוע
מהדר, מקפיד מאוד
מהדרין, המקפידים והמחמירים ביותר
מהוגן, שניתו לסמוך עליו/ מקובל על פי כללי המוסר והנימוס
מובלעת, שטח השייך למדינה מסוימת ומוקף בשטחי מדינה אחרת  כל דבר המוקף בדבר אחר השונה ממנו
מוז, בננה
מוך, דבר רך כצמר גפן/ פלומת נוצות
מונוקל, משקף לעין אחת
מונרכיה, שלטון מלך יחיד
מוסרה, חבל לרתימת בהמה לעגלה
מועד (muad)," אדם המוכר כפושע בחוק  שהעידו על זה שהוא עלול לעשות  מעשה מסוים (בד""כ שלילי)"
כמוץ לפני רוח, כדבר האובד וחולף מהר
לבור מוץ מן הבר, לפנות את הטפל מהעיקר
מוצאות, קורות/ תולדות
מוקד, אש/ מרכז
מורג, כלי חקלאי המשמש לדיש
מזה רעב, מורעב
מחיה, ניגוב/ סילוק
מטה לחם, כינוי מליצי למזון
מטריאליזם, חומרנות
מי אפסיים, מים רדודים/ רמה נמוכה/שטחיות
מכתם, שיר קצר ושנון.
מלא פיו מים, שתק
מלאו לבו, נמלא אומץ ועוז
מלאכת מחשבת, עבודה אמנותית הדורשת  מומחיות רבה.
לתפארת המליצה, תוספת לדברים הנאמרת  לשם יופי וסגנון בלבד.
נמלץ, דיבור נפוח/ גדוש מליצות.
מלכוד, מצב ללא מוצא/ הנחת מוקש
מלקוח, שלל חי שנלקח מן האויב
ממגורה, מחסן תבואה
ממה נפשך, בכל מקרה
ממורט, מצוחצח ומלוטש/ שחוק ובלוי
ממשלת צללים, חברי האופוזיציה המציגים  עצמם כממשלה.
מנדט, היתר/ ייפוח כוח/ מושב בבית הנבחרים המייצג  אחוז מסוים מקולות  הבוחרים שניתנו למלפגה מסוימת
מנה אחת אפיים, כפליים/ נזיפה קשה
מניה (mania), שיגעון/טירוך/ מחלת נפש
מניה וביה, מיד/ ממנו עצמו
מנעל, נעל
מס שפתים, דברים האנמרים כדי לצאת מידי  חובה בלי כוונה לממשם
מסה, ניסיון קשה בחיוו של אדם  חיובי עיוני קצר
מסכת, תוכנית של קריאה/ שירה ומשחק  מערכת בעיות עליהן דנים
מעדנות, בהנאה
מעונב, לובש עניבה/ בעל מראה רשמי  קשור/כרוך
מעות, כסף
מערה, מקום חשוף וגלוי
מעורה, מוצמוד/מחובר/ מושרש
מעשה מרכבה, דבר מורכב ומסובך  הרכבת צוות אנשים שיעבדו יחד
מפולש, שניתן לפלוש אליו
מפקידה לפקידה, מדי פעם
מצולה, מעמקים
מצוק, סלע זקוף וגבוה המתרומם בצורה אנכית
מצע, ריפוד/ בסיס ורקע לעניין
מצער, מעט
מצערת, אמצעי ויסות המהירות במטוסים וכלי רכב.
מצר, גבול
מצר (mazar), מצוקה
מקאמה, סיפור שנון הכתוב בחרוזים
מקבת, פטיש
מקוב, פטיש
משומד, יהודי שהמיר את דתו
משנה, גדול פי שניים/ סגן
מתוך שלא לשמה בא לשמה, עסק בדבר לא מאהבה והגיע לאהבו.
נאחז בקש, חיפש מפלט
נבג, תא רבייה של צמחים
נביעה, הופעה/בצבוץ
נבעה, נגלה/ נחשף
נגיד, מושל/ אדם בכיר
נד, קיר זקוף/ עמוד זקוף של מים
נהמה, רעש עמום וחזק
נופת צופים, מתיקות/ נועם
נוקדן, דייקן קיצוני
בנזיד עדשים, בתמורה לדבר קל ערך.
נזר הבריאה, כינוי מליצי לאדם הרואה את עצמו כיצירה הגבוהה ביותר
נחשוני, חלוצי/ נועז ואמיץ
כמלוא הנימה, מעט שבמעט/ כחוט השערה.
ניצוח, ניהול/ ארגון
נכזב, לא התגשם
נכסי צאן ברזל, דברים שחשיבותם נצחית.
נסח, העתק
נפח (nafach), פלט אוויר דרך הפה
נצחון פירוס, כינוי לנצחון שעלה בקורבנות רבים וכמוהו כמפלה
נציב, עמוד/ מושל/ ממונה
נצילות, יעילות
נקרה, נפגע איתו באקראי
נר לרגליו, רעיון מנחה
נרעש, נדהם
נשוא פנים, מכובד
נשף, שעות הלילה המאוחרות  מסיבה חגיגית הנערכת בשעות הלילה
סאה, מידה נפח קדומה
סאטירה, יצירה
סברת כרס, השערה בלתי מבוססת.
סגה, רומן המספר תולדות משפחה אחת.
סגולה, תכונה חיובית
סגין, מעיל צבאי
סוללה, תל עפר גבוה/ בטרייה
סח, דיבר
סטואי, אדיש/ מאופק/ שלו
סיבר את האוזן, הסביר באופן ברור.
סיג (siyag), גדר/ גבול
סיג (sig), פסולת של מתכת
סיטרא אחרא, שטן/ כוחות האופל.
סימפוזיון, דיון פומבי
ספיח, צבואה הצומחת מתוך הגרגרים  דבר שהוא תולדה או תוצר לוואי של אחר
סכירה, סתימה
סמוכה, עמוד המשמש לתמיכה
סנורים, עיוורון זמני שנובע מחשיפה לאור חזק
מוכה סנוורים, אינו יכול להפעיל שיקול דעת
ספורדי, לא סדיר/ לא קבוע
ספירה, סביבה
ספרטני, מסתפק במועט/ סגפן.
סקירה, הסתכלות/ תיאור או סיכום קצר של משהו  הסתכלות מדוקדקת
סרוח, מעלה ריח רע/ שרוע/ נגרר
סרח העודף, תוספת מיותרת וטפלה שאין בה תועלת
סריס, עבד שסורס ונתמנה לשמור על הרמון הנשים של המלך  פקיד או שר המקורב למלך
עבד כי ימלוך, התקדם בדרגה והחל לרדות בכפופים לו
עבר זמנו בטל קרבנו, כעת אין טעם לעשות את הדבר  שכן הזמן שהיה ראוי לעשותו עבר
עברה, כעס
עג, הסתובב
עגה, סלנג
נושא בעול, עושה את כל העבודה הקשה
עוללה, פרי שנשאר על העץ אחרי הבציר או המסיק
עורבא פרח, שמועה חסרת בסיס
מעוז, מקלט
עיבורה של עיר, שולי העיר/ מרכז העיר
על עברי פי פחת, על סף סכנה נוראה
עלה תאנה, דבר מה המשמש להסוואה
עמוד השחר, אור ראשון/ דמדומי הבוקר.
עמק הבכא, מקום ייסורים
ענבר, שרף העץ/ צבע דבש
עקוד, קשור/ כבול
ערל, לא נימול/ אטום
ערש, מיטה
פארסה, קטע קומי גס
פדגוג, מורה/ מחנך
פדרציה, התאגדות
פה מפיק מרגליות, כינוי לבעל כושר ביטוי מעולה
פובליציסט, כותב מאמרים על נושאים ציבוריים-מדיניים
פוחח, לבוש בגדים קרועים/ שובב
פוריטניות, סגפנות וצניעות
פורץ גדר, מפר חוק
פזורה, גלות/ תפוצה
פח יקוש, מלכודת
פחת (pahat), חפירה עמוקה באדמה
פטרון, נותן חסות
פימה, סנטר כפול
פיקה, בליטה
פיקח, שאינו עיור חכם ונבון
פיתוח, חקיקה/ גילוף או חריתה של צורות או דמויות בחומר
פלבול, לגלגל עיניים
פלגיאט, גניבה ספרותית
פלוש, מסדרון
פלסתר, רמאות/ זיוף
כתב פלסתר, מכתב השמצה מלא שקרים
עשה פלסתר, סילף/ עיוות.
פני הדור כפני הכלב, כינוי לדור חסר בושה/ דור של פורעי חוק
פסבדונים, שם עט
פסוקת, שביל בשיער
פעפוע, בעבוע/ חלחול/ הצםה או גאות של רגש
פרוביזורי, לא קבוע
פרובינציה, אזור מרוחק מהמרכז
פרולטריון, מעמד הפועלים
פרטיזני, שנעשה ביוזמה פרטית
פריעה, תשלום חוב/ עשיית השיער פרוע ולא מסודר
פרכוס, עיוות באברי הגוף/ איפור
פרפראות, קינוח/ דברים קלים ומשעשעים הנוספים לעניינים רציניים יותר
פש, יצא לנופש
פושט יד, קבצן
פושט עור," אדם שתפקידו להסיר את העור של בע""ח  אדם המפקיע במחירי סחורתו"
פתוס, התלהבות מוגזמת
פתחון פה, הזדמנות טובה לטעון משהו או להתנצל
צאן מרעיתו, כינוי לקהל או לקהילה ביחס למנהיגם הרוחני
צבות, לפות בחוזקה
צדקנות, התחסדות/ צדיקות לכאורה.
ציפה, החלק העסיסי של הפרי
ציפורן, החוד בעט נובע
ציץ, ניצן
צלם, דמות/ פסל או עצם אחר שבני אדם מאמינים כי הוא אל וסוגדים לו
צלמוות, חושך/ אפלה
(והיה) לצנינים בעיניו, עצבן אותו
צפיחית, עוגה/ רקיק/ תופין
צרוף, טהור/ מזוקק
קבע מסמרות בדבר, ניסח ככללים קבועים שאין לשנותם.
קו פרשת המים, נקודת זמן שממנה לא ניתן לחזור.
קודקס, ספר חוקים
קוממיות, ריבונות/ בראש מורם
קונצרן, התאחדות מפעלים תחת הנהלה משותפת.
קוצו של יוד, דבר קטן וחסר ערך
קוריוז, מקרה משעשע/ דבר שולי וחסר חשיבות
קיט, נופש בקיץ
קלחת, סיר
קמאי, ראשוני
קמה, שם כולל לתבואה לפני הקציר.
קעקוע, הרס/ חורבן
קרדום, סכין/ גרזן
קרדום לחפור בו, השתמש בדבר לתועלתו האישית
קרדינל, דרגת כמורה גבוהה
קרדינלי, עיקרי/ יסודי/ חשוב ביותר
קרע קריעה, התאבל
קשר כתרים, הילל/ שיבח
ראשית אונו, הבן הבכור
ראשית חכמה, תנאי ראשוני
רביבים, טל
רחץ בניקיון כפיו, התנער מאחריות
ריבה, נערה
ריטוש, קריעה לגזרים
רכב, נוהג בכרכרה רתומה לסוס/ עגלון.
רמה, אזור הררי גבוה
רקבובית, חומר אורגני שהרקיב
רקיק, דק מאוד
רקק (rikak), מקווה מים רדודים
רקק (rakak), פלט רוק מפיו
כבשת הרש, רכושו היחיד של האדם הנגזל ממנו בידי עשיר
שאילתה, שאלה פומבית המוגשת לשר בממשלה  שאלה שמפנים מלאגר נתונים
שגר, קבוצת ולדות של בעל חיים שנולדו באותה מלטה  מסר המשוגר במערכת תקשורת
שהות, פנאי/ שהייה
שובל, שוליים/ העקבות שמותירות אחריהן ספינות
שוועה, קריאה לעזרה
שוע, אציל/ עשיר
שופין, פתירה
שורו, הסתכלו
שיממון, ריקנות/ בדידות
שיעור קומה, חשיבות
שיפולי, תחתית/ שובל/שולים
שירת הברבור, פעולה מהוללת אחרונה לפני פרישה
שלח, חרב קצרה/ החלק המאוזן של מדרגה/ תעלת השקיה
שלף, שדה שנקצר ועדיין לא נחרש
שלק, הרתיח
שמורות עיניים, עפעפיים
שינס מותניים, התכונן במרץ
שפחה חרופה, אמה/ משרתת
שרבוב, הארכה/מתיחה/ הכנסה שלא במקום
שריר, חזק/ אמיץ
שרך דרכיו, סר מדרך הישר
תווך, אמצע
תושיה, עצה/ חוכמה
תזה, הנחת יסוד
תחולה, המועד שבו חוק חדש נכנס לתוקף
תכתיב, כפייה לפעול בצורה מסויימת.
תלי תילים, שפע רב
תלוי ועומד, בלתי מוכרע
תרומי, נעלה
תרתי דסתרי, שני דברים הסותרים זה את זה
